date,seller_id,seller_monthly_revenue,pct_change_month_over_month
2023-01,S0001,6307.84,NULL
2023-02,S0001,12822.27,103.28
2023-03,S0001,15561.8,21.37
2023-04,S0001,22899.88,47.15
2023-05,S0001,56503.26,146.74
2023-06,S0001,51021.56,-9.7
2023-07,S0001,45663.89,-10.5
2023-08,S0001,52448.48,14.86
2023-09,S0001,67585.35,28.86
2023-10,S0001,70634.67,4.51
2023-11,S0001,69001.73,-2.31
2023-12,S0001,62631.23,-9.23
2024-01,S0001,38742.27,-38.14
2024-02,S0001,25993.58,-32.91
2024-03,S0001,32645.27,25.59
2024-04,S0001,29148.18,-10.71
2024-05,S0001,31128.74,6.79
2024-06,S0001,12010.63,-61.42
2023-01,S0002,30569.43,NULL
2023-02,S0002,33243.64,8.75
2023-03,S0002,37877.23,13.94
2023-04,S0002,66550.47,75.7
2023-05,S0002,80562.6,21.05
2023-06,S0002,84119.44,4.42
2023-07,S0002,82077.32,-2.43
2023-08,S0002,92967.84,13.27
2023-09,S0002,106836.67,14.92
2023-10,S0002,114317.14,7
2023-11,S0002,149770.53,31.01
2023-12,S0002,153985.14,2.81
2024-01,S0002,127396.72,-17.27
2024-02,S0002,86134.46,-32.39
2024-03,S0002,67019.58,-22.19
2024-04,S0002,63153.94,-5.77
2024-05,S0002,58217.69,-7.82
2023-01,S0003,754.6,NULL
2023-02,S0003,6703.32,788.33
2023-03,S0003,6917.93,3.2
2023-04,S0003,9880.77,42.83
2023-05,S0003,9664.81,-2.19
2023-06,S0003,10467.08,8.3
2023-07,S0003,9784.3,-6.52
2023-08,S0003,10233.23,4.59
2023-09,S0003,10044.41,-1.85
2023-10,S0003,13619.31,35.59
2023-11,S0003,13466.02,-1.13
2023-12,S0003,12020.99,-10.73
2024-01,S0003,12831.72,6.74
2024-02,S0003,8084.41,-37
2024-03,S0003,10208.43,26.27
2024-04,S0003,8651.63,-15.25
2024-05,S0003,9371.23,8.32
2024-06,S0003,3000.41,-67.98
2023-01,S0004,638.63,NULL
2023-02,S0004,576.35,-9.75
2023-03,S0004,562.43,-2.42
2023-04,S0004,739.4,31.47
2023-05,S0004,1255.39,69.78
2023-06,S0004,1683.73,34.12
2023-07,S0004,1550.59,-7.91
2023-08,S0004,1652.79,6.59
2023-09,S0004,1871.72,13.25
2023-10,S0004,1960.67,4.75
2023-11,S0004,2120.1,8.13
2023-12,S0004,2285.55,7.8
2024-01,S0004,36.34,-98.41
2023-01,S0005,52947.86,NULL
2023-02,S0005,111879.43,111.3
2023-03,S0005,142974.04,27.79
2023-04,S0005,177335.54,24.03
2023-05,S0005,201415.1,13.58
2023-06,S0005,215791.84,7.14
2023-07,S0005,202794.67,-6.02
2023-08,S0005,190531.15,-6.05
2023-09,S0005,228229.04,19.79
2023-10,S0005,334992.57,46.78
2023-11,S0005,416158.57,24.23
2023-12,S0005,332393.43,-20.13
2024-01,S0005,238667.99,-28.2
2024-02,S0005,85444.41,-64.2
2024-03,S0005,70064.5,-18
2024-04,S0005,50141.86,-28.43
2024-05,S0005,53161.93,6.02
2024-06,S0005,15784.69,-70.31
2023-01,S0006,57165.32,NULL
2023-02,S0006,137753.97,140.97
2023-03,S0006,193931.7,40.78
2023-04,S0006,286921.17,47.95
2023-05,S0006,367638.68,28.13
2023-06,S0006,352869.51,-4.02
2023-07,S0006,356543.21,1.04
2023-08,S0006,386835.14,8.5
2023-09,S0006,430283.79,11.23
2023-10,S0006,467895.53,8.74
2023-11,S0006,558044.04,19.27
2023-12,S0006,541054.29,-3.04
2024-01,S0006,347873.73,-35.7
2024-02,S0006,155085.4,-55.42
2024-03,S0006,188096.31,21.29
2024-04,S0006,182047.54,-3.22
2024-05,S0006,183812.15,0.97
2024-06,S0006,61066.49,-66.78
2023-04,S0007,632.52,NULL
2023-05,S0007,2088.41,230.17
2023-06,S0007,3324.21,59.17
2023-07,S0007,2890.46,-13.05
2023-08,S0007,3080.83,6.59
2023-09,S0007,3131.02,1.63
2023-10,S0007,4068.18,29.93
2023-11,S0007,3599.57,-11.52
2023-12,S0007,4158.25,15.52
2024-01,S0007,5288.65,27.18
2024-02,S0007,3356.46,-36.53
2024-03,S0007,3084.7,-8.1
2024-04,S0007,1795.27,-41.8
2024-05,S0007,1381.31,-23.06
2023-01,S0008,412.36,NULL
2023-02,S0008,304.81,-26.08
2023-03,S0008,524.48,72.07
2023-04,S0008,569.28,8.54
2023-05,S0008,472.95,-16.92
2023-06,S0008,581.38,22.93
2023-07,S0008,538.52,-7.37
2023-08,S0008,299.42,-44.4
2023-09,S0008,423.91,41.58
2023-10,S0008,488.68,15.28
2023-11,S0008,654.11,33.85
2023-12,S0008,734.66,12.31
2024-01,S0008,540.67,-26.41
2024-02,S0008,186.3,-65.54
2024-03,S0008,365.18,96.02
2024-04,S0008,573.2,56.96
2024-05,S0008,436.92,-23.78
2024-06,S0008,358.5,-17.95
2023-07,S0009,465.76,NULL
2023-08,S0009,1659.15,256.22
2023-09,S0009,2064.1,24.41
2023-10,S0009,880.89,-57.32
2024-05,S0009,360.35,-59.09
2024-06,S0009,164.2,-54.43
2023-01,S0010,370.42,NULL
2023-02,S0010,359.44,-2.96
2023-03,S0010,482.86,34.34
2023-04,S0010,1309.72,171.24
2023-05,S0010,1383.41,5.63
2023-06,S0010,1682.09,21.59
2023-07,S0010,1780.04,5.82
2023-08,S0010,1586.61,-10.87
2023-09,S0010,1998.8,25.98
2023-10,S0010,2250.76,12.61
2023-11,S0010,2993.71,33.01
2023-12,S0010,3189.24,6.53
2024-01,S0010,2145.97,-32.71
2024-02,S0010,947.15,-55.86
2024-03,S0010,1354.16,42.97
2024-04,S0010,1190.93,-12.05
2024-05,S0010,1245.77,4.6
2024-06,S0010,860.3,-30.94
2023-01,S0011,89961.77,NULL
2023-02,S0011,175328.19,94.89
2023-03,S0011,289590.3,65.17
2023-04,S0011,318871.43,10.11
2023-05,S0011,350807.04,10.02
2023-06,S0011,245367.05,-30.06
2023-07,S0011,185565.82,-24.37
2023-08,S0011,209561.17,12.93
2023-09,S0011,380249.88,81.45
2023-10,S0011,434812.1,14.35
2023-11,S0011,564830.09,29.9
2023-12,S0011,656585.61,16.24
2024-01,S0011,461378.42,-29.73
2024-02,S0011,309201.82,-32.98
2024-03,S0011,351586.81,13.71
2024-04,S0011,332906.7,-5.31
2024-05,S0011,144208.23,-56.68
2023-01,S0012,2180.73,NULL
2023-02,S0012,3880.55,77.95
2023-03,S0012,4747.59,22.34
2023-04,S0012,9230.03,94.42
2023-05,S0012,10540.82,14.2
2023-06,S0012,11275.77,6.97
2023-07,S0012,11431.89,1.38
2023-08,S0012,11538.37,0.93
2023-09,S0012,11056.21,-4.18
2023-10,S0012,12244.92,10.75
2023-11,S0012,10007.59,-18.27
2023-12,S0012,11598.42,15.9
2024-01,S0012,4060.04,-64.99
2024-02,S0012,1693.38,-58.29
2024-03,S0012,2140.02,26.38
2024-04,S0012,2404.25,12.35
2024-05,S0012,2305.57,-4.1
2023-05,S0013,5920.22,NULL
2023-06,S0013,8976.73,51.63
2023-07,S0013,6886.08,-23.29
2023-08,S0013,6847.7,-0.56
2023-09,S0013,5385.91,-21.35
2023-10,S0013,5556.21,3.16
2023-11,S0013,6156.5,10.8
2023-12,S0013,8591.35,39.55
2024-01,S0013,5491.95,-36.08
2024-02,S0013,3742.54,-31.85
2024-03,S0013,4491.94,20.02
2024-04,S0013,4504.51,0.28
2024-05,S0013,4707.82,4.51
2024-06,S0013,3921.29,-16.71
2023-02,S0014,247.23,NULL
2023-03,S0014,352.19,42.45
2023-04,S0014,1123.98,219.14
2023-05,S0014,2816.97,150.62
2023-06,S0014,3410.69,21.08
2023-07,S0014,2753.67,-19.26
2023-08,S0014,2592.64,-5.85
2023-09,S0014,2548.58,-1.7
2023-10,S0014,3079.48,20.83
2023-11,S0014,3904.78,26.8
2023-12,S0014,4393.17,12.51
2024-01,S0014,3566.56,-18.82
2024-02,S0014,2112.09,-40.78
2024-03,S0014,1816.5,-14
2024-04,S0014,2456.86,35.25
2024-05,S0014,795.85,-67.61
2023-01,S0015,873.58,NULL
2023-02,S0015,993.48,13.73
2023-03,S0015,1238.89,24.7
2023-04,S0015,1532.35,23.69
2023-05,S0015,2244.94,46.5
2023-06,S0015,1265.06,-43.65
2023-07,S0015,1031.34,-18.48
2023-08,S0015,1442.14,39.83
2023-09,S0015,1804.87,25.15
2023-10,S0015,1748.67,-3.11
2023-11,S0015,2682.64,53.41
2023-12,S0015,2599.08,-3.11
2024-01,S0015,2092.64,-19.49
2024-02,S0015,1138.59,-45.59
2024-03,S0015,1050.1,-7.77
2024-04,S0015,1313.81,25.11
2024-05,S0015,1151.42,-12.36
2024-06,S0015,1467.61,27.46
2023-01,S0016,366.23,NULL
2023-02,S0016,951.57,159.83
2023-03,S0016,1989.75,109.1
2023-04,S0016,1863.98,-6.32
2023-05,S0016,2022.81,8.52
2023-06,S0016,2077.66,2.71
2023-07,S0016,1762.58,-15.17
2023-08,S0016,2157.43,22.4
2023-09,S0016,2303.98,6.79
2023-10,S0016,2939.25,27.57
2023-11,S0016,3717.98,26.49
2023-12,S0016,3940.23,5.98
2024-01,S0016,2349.07,-40.38
2024-02,S0016,1070.51,-54.43
2024-03,S0016,957.91,-10.52
2024-04,S0016,586.93,-38.73
2024-01,S0017,526.34,NULL
2024-02,S0017,970.71,84.43
2024-03,S0017,935.64,-3.61
2024-04,S0017,1164.1,24.42
2024-05,S0017,145.81,-87.47
2023-09,S0018,8290.5,NULL
2023-10,S0018,10482.53,26.44
2023-11,S0018,17361.52,65.62
2023-12,S0018,16651.57,-4.09
2024-01,S0018,12954.16,-22.2
2024-02,S0018,7158.46,-44.74
2024-03,S0018,8324.51,16.29
2024-04,S0018,10064.31,20.9
2024-05,S0018,7205.81,-28.4
2023-01,S0019,1815.65,NULL
2023-02,S0019,2890.35,59.19
2023-03,S0019,3126.43,8.17
2023-04,S0019,3242.36,3.71
2023-05,S0019,2795.95,-13.77
2023-06,S0019,3510.14,25.54
2023-07,S0019,2834.25,-19.26
2023-08,S0019,3300.42,16.45
2023-09,S0019,3732.46,13.09
2023-10,S0019,3717.43,-0.4
2023-11,S0019,5116.35,37.63
2023-12,S0019,6086.97,18.97
2024-01,S0019,3780.71,-37.89
2024-02,S0019,2997.97,-20.7
2024-03,S0019,2864.85,-4.44
2024-04,S0019,2278.7,-20.46
2024-05,S0019,1365.63,-40.07
2023-01,S0020,11860.99,NULL
2023-02,S0020,8817.72,-25.66
2023-03,S0020,10296.14,16.77
2023-04,S0020,9897.53,-3.87
2023-05,S0020,14042.6,41.88
2023-06,S0020,9639.49,-31.36
2023-07,S0020,10814.12,12.19
2023-08,S0020,7745.92,-28.37
2024-01,S0020,3981.35,-48.6
2024-02,S0020,4171.9,4.79
2024-03,S0020,3696.55,-11.39
2024-04,S0020,3668.25,-0.77
2024-05,S0020,2780.51,-24.2
2023-10,S0021,11664.48,NULL
2023-11,S0021,19357.69,65.95
2023-12,S0021,18680.54,-3.5
2024-01,S0021,16183.07,-13.37
2024-02,S0021,9242.03,-42.89
2024-03,S0021,15685.03,69.71
2024-04,S0021,11885.83,-24.22
2024-05,S0021,8848.3,-25.56
2023-07,S0022,8311.07,NULL
2023-08,S0022,15006.68,80.56
2023-09,S0022,11989.98,-20.1
2023-10,S0022,16874.99,40.74
2023-11,S0022,22060.83,30.73
2023-12,S0022,25733.27,16.65
2024-01,S0022,17576.82,-31.7
2024-02,S0022,8541.1,-51.41
2024-03,S0022,13091.21,53.27
2024-04,S0022,12933.98,-1.2
2024-05,S0022,15625.07,20.81
2024-06,S0022,7146.4,-54.26
2023-02,S0024,8315.42,NULL
2023-03,S0024,11138.13,33.95
2023-04,S0024,14911.36,33.88
2023-05,S0024,20764.71,39.25
2023-06,S0024,18695.38,-9.97
2023-07,S0024,15825.84,-15.35
2023-08,S0024,13951.51,-11.84
2023-09,S0024,17383.35,24.6
2023-10,S0024,14361.45,-17.38
2023-11,S0024,21185.61,47.52
2023-12,S0024,29630.84,39.86
2024-01,S0024,18397.8,-37.91
2024-02,S0024,14662.43,-20.3
2024-03,S0024,8680.83,-40.8
2023-01,S0025,136561.17,NULL
2023-02,S0025,142922.92,4.66
2023-03,S0025,252246.21,76.49
2023-04,S0025,335926.25,33.17
2023-05,S0025,598208.33,78.08
2023-06,S0025,631747.5,5.61
2023-07,S0025,429213.3,-32.06
2023-08,S0025,410965.04,-4.25
2023-09,S0025,338622.46,-17.6
2023-10,S0025,412569.55,21.84
2023-11,S0025,395502.18,-4.14
2023-12,S0025,433818.96,9.69
2024-01,S0025,229445.09,-47.11
2024-02,S0025,144748.1,-36.91
2024-03,S0025,177938.06,22.93
2024-04,S0025,163114.31,-8.33
2024-05,S0025,178836.08,9.64
2024-06,S0025,95747.01,-46.46
2023-01,S0026,0,NULL
2023-02,S0026,257.6,NULL
2023-03,S0026,920.42,257.31
2023-04,S0026,1003.92,9.07
2023-05,S0026,925.83,-7.78
2023-06,S0026,960.95,3.79
2023-07,S0026,751.38,-21.81
2023-08,S0026,791.51,5.34
2023-09,S0026,791.29,-0.03
2023-10,S0026,892.29,12.76
2023-11,S0026,837.43,-6.15
2024-02,S0026,202.01,-75.88
2024-03,S0026,787.17,289.67
2024-04,S0026,768.38,-2.39
2024-05,S0026,1133.89,47.57
2024-06,S0026,415.12,-63.39
2023-01,S0027,21435.83,NULL
2023-02,S0027,34355.23,60.27
2023-03,S0027,40283.05,17.25
2023-04,S0027,48033.94,19.24
2023-05,S0027,55364.31,15.26
2023-06,S0027,48833.83,-11.8
2023-07,S0027,42135.91,-13.72
2023-08,S0027,54087.61,28.36
2023-09,S0027,110355.91,104.03
2023-10,S0027,125315.94,13.56
2023-11,S0027,222514.93,77.56
2023-12,S0027,163554.6,-26.5
2024-01,S0027,132414.01,-19.04
2024-02,S0027,91687.99,-30.76
2024-03,S0027,106261.3,15.89
2024-04,S0027,68389.64,-35.64
2023-01,S0028,4713.1,NULL
2023-02,S0028,4146.02,-12.03
2023-03,S0028,5349.63,29.03
2023-04,S0028,6171.8,15.37
2023-05,S0028,9269.17,50.19
2023-06,S0028,8356.01,-9.85
2023-07,S0028,7849.91,-6.06
2023-08,S0028,7405.17,-5.67
2023-09,S0028,8653.86,16.86
2023-10,S0028,11026.97,27.42
2023-11,S0028,11878.78,7.72
2023-12,S0028,12531.54,5.5
2024-01,S0028,10117.27,-19.27
2024-02,S0028,4633.99,-54.2
2024-03,S0028,5020.74,8.35
2024-04,S0028,3671.5,-26.87
2024-05,S0028,2659.36,-27.57
2024-06,S0028,992.18,-62.69
2023-05,S0029,1184.27,NULL
2023-06,S0029,1658.27,40.02
2023-07,S0029,1625.4,-1.98
2023-08,S0029,2031.52,24.99
2023-09,S0029,1801.42,-11.33
2023-10,S0029,2016.72,11.95
2023-11,S0029,2176.48,7.92
2023-12,S0029,3697.28,69.87
2024-01,S0029,2338.29,-36.76
2024-02,S0029,1329.87,-43.13
2024-03,S0029,1719.77,29.32
2024-04,S0029,88.01,-94.88
2023-02,S0030,4389.73,NULL
2023-03,S0030,21607.5,392.23
2023-04,S0030,25647.12,18.7
2023-05,S0030,22716.37,-11.43
2023-06,S0030,16238.19,-28.52
2023-07,S0030,7652.06,-52.88
2023-08,S0030,6337.64,-17.18
2023-01,S0031,1489.94,NULL
2023-02,S0031,6577.86,341.48
2023-03,S0031,9658.17,46.83
2023-04,S0031,7037.68,-27.13
2023-05,S0031,9352.19,32.89
2023-06,S0031,16973.13,81.49
2023-07,S0031,16123.15,-5.01
2023-08,S0031,15460.32,-4.11
2023-09,S0031,9211.86,-40.42
2023-10,S0031,17876.31,94.06
2023-11,S0031,23532.28,31.64
2023-12,S0031,31790.94,35.1
2024-01,S0031,26542.49,-16.51
2024-02,S0031,19167.21,-27.79
2024-03,S0031,20764.77,8.33
2024-04,S0031,22821.16,9.9
2024-05,S0031,17131.33,-24.93
2024-06,S0031,6396.02,-62.66
2023-02,S0032,1781.44,NULL
2023-03,S0032,69050.27,3776.09
2023-04,S0032,61962.62,-10.26
2023-05,S0032,83233.76,34.33
2023-06,S0032,67404.26,-19.02
2023-07,S0032,97475,44.61
2023-08,S0032,84416.15,-13.4
2023-09,S0032,62065.4,-26.48
2023-10,S0032,146136.32,135.46
2023-11,S0032,172325.55,17.92
2023-12,S0032,244029.06,41.61
2024-01,S0032,190095.18,-22.1
2024-02,S0032,139204.84,-26.77
2024-03,S0032,99389.11,-28.6
2024-04,S0032,66729.75,-32.86
2024-05,S0032,5386.52,-91.93
2023-02,S0033,0,NULL
2023-03,S0033,0,NULL
2023-04,S0033,0,NULL
2023-05,S0033,0,NULL
2023-06,S0033,0,NULL
2023-07,S0033,0,NULL
2023-08,S0033,0,NULL
2023-09,S0033,0,NULL
2023-10,S0033,0,NULL
2023-11,S0033,0,NULL
2023-12,S0033,40.6,NULL
2024-01,S0033,0,-100
2023-01,S0035,6593.35,NULL
2023-02,S0035,5968.84,-9.47
2023-03,S0035,6684.07,11.98
2023-04,S0035,6412.83,-4.06
2023-05,S0035,6552.84,2.18
2023-06,S0035,8497.7,29.68
2023-07,S0035,8492.87,-0.06
2023-08,S0035,15426.33,81.64
2023-09,S0035,15866.78,2.86
2023-10,S0035,20199.45,27.31
2023-11,S0035,29221.83,44.67
2023-12,S0035,30960.44,5.95
2024-01,S0035,23505.17,-24.08
2024-02,S0035,11986.93,-49
2024-03,S0035,6308.28,-47.37
2024-04,S0035,6425.06,1.85
2024-05,S0035,8925.14,38.91
2024-06,S0035,147.08,-98.35
2023-06,S0036,86.81,NULL
2023-07,S0036,1798.72,1972.02
2023-08,S0036,2070.16,15.09
2023-09,S0036,1913.58,-7.56
2023-10,S0036,2593.92,35.55
2023-11,S0036,2730.68,5.27
2023-12,S0036,3846.89,40.88
2024-01,S0036,2861.52,-25.61
2024-02,S0036,1703.03,-40.49
2024-03,S0036,1941.56,14.01
2024-04,S0036,2206.36,13.64
2024-05,S0036,1135.08,-48.55
2023-12,S0037,215.71,NULL
2024-01,S0037,75.46,-65.02
2024-02,S0037,0,-100
2024-03,S0037,0,NULL
2024-04,S0037,41.13,NULL
2023-02,S0038,10498.71,NULL
2023-03,S0038,76305.43,626.81
2023-04,S0038,69487.3,-8.94
2023-05,S0038,107255.04,54.35
2023-06,S0038,109590.9,2.18
2023-07,S0038,96976.31,-11.51
2023-08,S0038,103600.24,6.83
2023-09,S0038,99412.26,-4.04
2023-10,S0038,106188.35,6.82
2023-11,S0038,134140.01,26.32
2023-12,S0038,355912.12,165.33
2024-01,S0038,250065.82,-29.74
2024-02,S0038,125753.63,-49.71
2024-03,S0038,131807.47,4.81
2024-04,S0038,134910.41,2.35
2024-05,S0038,104897.51,-22.25
2023-03,S0039,591.97,NULL
2023-04,S0039,2551.17,330.96
2023-05,S0039,2902.15,13.76
2023-06,S0039,3995.34,37.67
2023-07,S0039,3156.55,-20.99
2023-08,S0039,3601.06,14.08
2023-09,S0039,3738.32,3.81
2023-10,S0039,4279.66,14.48
2023-11,S0039,5598.76,30.82
2023-12,S0039,3909.61,-30.17
2024-01,S0039,3557.8,-9
2024-02,S0039,1274.12,-64.19
2024-03,S0039,1626.09,27.62
2024-04,S0039,1306.82,-19.63
2023-01,S0040,360.29,NULL
2023-02,S0040,352.42,-2.18
2023-03,S0040,620.1,75.95
2023-04,S0040,452.94,-26.96
2023-05,S0040,1181.8,160.92
2023-06,S0040,1314.24,11.21
2023-07,S0040,1342.5,2.15
2023-08,S0040,1464.29,9.07
2023-09,S0040,1831.11,25.05
2023-10,S0040,2469.32,34.85
2023-11,S0040,2869.64,16.21
2023-12,S0040,3886.08,35.42
2024-01,S0040,2372.7,-38.94
2024-02,S0040,708.04,-70.16
2024-03,S0040,967.87,36.7
2024-04,S0040,725.33,-25.06
2024-05,S0040,660.81,-8.9
2024-06,S0040,374.01,-43.4
2023-01,S0041,51506.98,NULL
2023-02,S0041,55168.29,7.11
2023-03,S0041,116417.88,111.02
2023-04,S0041,150343.08,29.14
2023-05,S0041,155807.5,3.63
2023-06,S0041,220236.05,41.35
2023-07,S0041,303339.32,37.73
2023-08,S0041,302259.19,-0.36
2023-09,S0041,255449.56,-15.49
2023-10,S0041,357152.35,39.81
2023-11,S0041,456104.06,27.71
2023-12,S0041,426327.03,-6.53
2024-01,S0041,256344.4,-39.87
2024-02,S0041,130043.78,-49.27
2024-03,S0041,162930.77,25.29
2024-04,S0041,200401.22,23
2024-05,S0041,130438.07,-34.91
2024-06,S0041,97187.71,-25.49
2023-01,S0042,2012.83,NULL
2023-02,S0042,9132.49,353.71
2023-03,S0042,12610.59,38.08
2023-04,S0042,17400.93,37.99
2023-05,S0042,19082.78,9.67
2023-06,S0042,26570.2,39.24
2023-07,S0042,23528.01,-11.45
2023-08,S0042,21966.52,-6.64
2023-09,S0042,38014.01,73.05
2023-10,S0042,41547.65,9.3
2023-11,S0042,53950.69,29.85
2023-12,S0042,44339.51,-17.81
2024-01,S0042,24817.28,-44.03
2024-02,S0042,14102.8,-43.17
2024-03,S0042,14082.57,-0.14
2024-04,S0042,17490.96,24.2
2024-05,S0042,15805.04,-9.64
2024-06,S0042,7195.78,-54.47
2023-06,S0043,11289.69,NULL
2023-07,S0043,17666.32,56.48
2023-08,S0043,71429.4,304.33
2023-09,S0043,101021.54,41.43
2023-10,S0043,98722.88,-2.28
2023-11,S0043,142904.86,44.75
2023-12,S0043,149380.82,4.53
2024-01,S0043,117960.16,-21.03
2024-02,S0043,76711.41,-34.97
2024-03,S0043,84630.34,10.32
2024-04,S0043,64780.65,-23.45
2024-05,S0043,94472.88,45.84
2023-01,S0044,0,NULL
2023-02,S0044,0,NULL
2023-03,S0044,0,NULL
2023-04,S0044,53.32,NULL
2023-05,S0044,0,-100
2023-06,S0044,47.02,NULL
2023-07,S0044,0,-100
2023-08,S0044,0,NULL
2023-09,S0044,0,NULL
2023-10,S0044,101.62,NULL
2023-11,S0044,233.92,130.19
2023-12,S0044,298.31,27.53
2024-01,S0044,0,-100
2024-02,S0044,0,NULL
2023-01,S0045,19004.81,NULL
2023-02,S0045,17050.82,-10.28
2023-03,S0045,30072.42,76.37
2023-04,S0045,27882.74,-7.28
2023-05,S0045,33498.57,20.14
2023-06,S0045,29504.96,-11.92
2023-07,S0045,38655.45,31.01
2023-08,S0045,51811.16,34.03
2023-09,S0045,51100.17,-1.37
2023-10,S0045,56125.17,9.83
2023-11,S0045,71324.76,27.08
2023-12,S0045,74900.08,5.01
2024-01,S0045,60370.26,-19.4
2024-02,S0045,40669.1,-32.63
2024-03,S0045,33923.99,-16.59
2024-04,S0045,31103.81,-8.31
2024-05,S0045,18248.44,-41.33
2024-06,S0045,4219.91,-76.88
2023-03,S0046,1695.62,NULL
2023-04,S0046,12367.93,629.4
2023-05,S0046,10999.71,-11.06
2023-06,S0046,16333.77,48.49
2023-07,S0046,12067.76,-26.12
2023-08,S0046,15258.11,26.44
2023-09,S0046,14382.91,-5.74
2023-10,S0046,16034.06,11.48
2023-11,S0046,19725.2,23.02
2023-12,S0046,19054.37,-3.4
2024-01,S0046,14899.77,-21.8
2024-02,S0046,8535.09,-42.72
2024-03,S0046,13415.75,57.18
2024-04,S0046,10808.26,-19.44
2024-05,S0046,12238.08,13.23
2024-06,S0046,5302.97,-56.67
2023-02,S0047,62288.97,NULL
2023-03,S0047,223961.44,259.55
2023-04,S0047,203181.15,-9.28
2023-05,S0047,399164.02,96.46
2023-06,S0047,489437.97,22.62
2023-07,S0047,457375.84,-6.55
2023-08,S0047,409883.8,-10.38
2023-09,S0047,490046.24,19.56
2023-10,S0047,448844.97,-8.41
2023-11,S0047,326736.03,-27.21
2023-12,S0047,353573.29,8.21
2024-01,S0047,265183.4,-25
2024-02,S0047,156878.46,-40.84
2024-03,S0047,260947.52,66.34
2024-04,S0047,266814.08,2.25
2024-05,S0047,260173.9,-2.49
2024-06,S0047,194642.74,-25.19
2023-01,S0048,739.53,NULL
2023-02,S0048,1237.95,67.4
2023-03,S0048,1430.31,15.54
2023-04,S0048,1792.67,25.33
2023-05,S0048,3488.42,94.59
2023-06,S0048,3207.33,-8.06
2023-07,S0048,3094.68,-3.51
2023-08,S0048,3016.92,-2.51
2023-09,S0048,2824.67,-6.37
2023-10,S0048,3381.61,19.72
2023-11,S0048,4482.64,32.56
2023-12,S0048,2960.57,-33.95
2024-01,S0048,2489.17,-15.92
2024-02,S0048,2044.07,-17.88
2024-03,S0048,1788.81,-12.49
2024-04,S0048,1613.55,-9.8
2024-05,S0048,1979.07,22.65
2024-06,S0048,1255.5,-36.56
2023-01,S0049,3558.08,NULL
2023-02,S0049,3597.87,1.12
2023-03,S0049,4078.79,13.37
2023-04,S0049,4028.59,-1.23
2023-05,S0049,4417.19,9.65
2023-06,S0049,4616.66,4.52
2023-07,S0049,4586.21,-0.66
2023-08,S0049,4852.02,5.8
2023-09,S0049,5202.89,7.23
2023-10,S0049,6053,16.34
2023-11,S0049,8374.05,38.35
2023-12,S0049,8537.31,1.95
2024-01,S0049,5181.05,-39.31
2024-02,S0049,2345.73,-54.72
2024-03,S0049,2683.9,14.42
2024-04,S0049,2829.47,5.42
2024-05,S0049,2620.44,-7.39
2024-06,S0049,1705.76,-34.91
2023-02,S0050,154.33,NULL
2023-03,S0050,1258.38,715.38
2023-04,S0050,1562.16,24.14
2023-05,S0050,1854.48,18.71
2023-06,S0050,2005.25,8.13
2023-07,S0050,1686.73,-15.88
2023-08,S0050,1844.86,9.37
2023-09,S0050,1378.83,-25.26
2023-10,S0050,2253.56,63.44
2023-11,S0050,2478.43,9.98
2023-12,S0050,2501.87,0.95
2024-01,S0050,1296.82,-48.17
2024-02,S0050,552.9,-57.36
2024-03,S0050,1084.89,96.22
2024-04,S0050,154.53,-85.76
2023-05,S0051,349.55,NULL
2023-06,S0051,729.4,108.67
2023-07,S0051,498.08,-31.71
2023-08,S0051,551.56,10.74
2023-09,S0051,455.81,-17.36
2023-10,S0051,737.39,61.78
2023-11,S0051,1069.32,45.01
2023-12,S0051,1067.81,-0.14
2024-01,S0051,863.41,-19.14
2024-02,S0051,576.29,-33.25
2024-03,S0051,159.74,-72.28
2023-01,S0052,1107.78,NULL
2023-02,S0052,898.57,-18.89
2023-03,S0052,978.95,8.95
2023-04,S0052,871.41,-10.99
2023-05,S0052,1239.06,42.19
2023-06,S0052,1761.17,42.14
2023-07,S0052,1261.51,-28.37
2023-08,S0052,1529.73,21.26
2023-09,S0052,1624.51,6.2
2023-10,S0052,1788.83,10.12
2023-11,S0052,2764.12,54.52
2023-12,S0052,2566.68,-7.14
2024-01,S0052,1582.85,-38.33
2024-02,S0052,1058.22,-33.14
2024-03,S0052,1324.91,25.2
2024-04,S0052,2150.7,62.33
2024-05,S0052,705.65,-67.19
2023-04,S0054,170.64,NULL
2023-05,S0054,668.39,291.7
2023-06,S0054,422.7,-36.76
2023-08,S0054,331.64,-21.54
2023-09,S0054,425.52,28.31
2023-10,S0054,822.57,93.31
2023-11,S0054,968.8,17.78
2023-12,S0054,1022.43,5.54
2024-01,S0054,792.55,-22.48
2024-02,S0054,318.26,-59.84
2024-03,S0054,619.94,94.79
2024-04,S0054,229.53,-62.98
2024-05,S0054,0,-100
2023-01,S0055,3883.95,NULL
2023-02,S0055,9478.45,144.04
2023-03,S0055,9691.09,2.24
2023-04,S0055,11281.21,16.41
2023-05,S0055,20982.73,86
2023-06,S0055,21522.32,2.57
2023-07,S0055,18112.42,-15.84
2023-08,S0055,17351.19,-4.2
2023-09,S0055,21401.45,23.34
2023-10,S0055,25072.89,17.16
2023-11,S0055,29420.06,17.34
2023-12,S0055,35824.35,21.77
2024-01,S0055,18278.21,-48.98
2024-02,S0055,10168.23,-44.37
2024-03,S0055,11435.68,12.46
2024-04,S0055,8921.26,-21.99
2024-05,S0055,10321.2,15.69
2024-06,S0055,3733.76,-63.82
2023-07,S0056,16172.88,NULL
2023-08,S0056,17189.88,6.29
2023-09,S0056,18379.93,6.92
2023-10,S0056,16952.65,-7.77
2023-11,S0056,25655.54,51.34
2023-12,S0056,28444.73,10.87
2024-01,S0056,21492.66,-24.44
2024-02,S0056,13937.23,-35.15
2024-03,S0056,18462.42,32.47
2024-04,S0056,20212.77,9.48
2024-05,S0056,15324.79,-24.18
2024-06,S0056,158.74,-98.96
2023-02,S0057,1598.03,NULL
2023-03,S0057,4396.53,175.12
2023-04,S0057,5045.36,14.76
2023-05,S0057,6641.04,31.63
2023-06,S0057,8073.22,21.57
2023-07,S0057,10035.6,24.31
2023-08,S0057,12504.12,24.6
2023-09,S0057,15395.91,23.13
2023-10,S0057,16620.4,7.95
2023-11,S0057,24820.75,49.34
2023-12,S0057,29131.37,17.37
2024-01,S0057,19534.11,-32.94
2024-02,S0057,11008.63,-43.64
2024-03,S0057,9380.14,-14.79
2024-04,S0057,6969.87,-25.7
2024-05,S0057,4241.52,-39.14
2024-06,S0057,533.06,-87.43
2023-08,S0058,140.44,NULL
2023-09,S0058,65.59,-53.3
2023-10,S0058,1391.34,2021.27
2023-11,S0058,1697.72,22.02
2023-12,S0058,1883.73,10.96
2024-01,S0058,1565.41,-16.9
2024-02,S0058,970.61,-38
2024-03,S0058,108.18,-88.85
2024-04,S0058,70.22,-35.09
2024-05,S0058,142.1,102.36
2024-06,S0058,66.83,-52.97
2023-02,S0059,7500.39,NULL
2023-03,S0059,13366.09,78.21
2023-04,S0059,15198.81,13.71
2023-05,S0059,21117.27,38.94
2023-06,S0059,18079.38,-14.39
2023-07,S0059,21956.28,21.44
2023-08,S0059,23202.68,5.68
2023-09,S0059,22079.95,-4.84
2023-10,S0059,23549.85,6.66
2023-11,S0059,20011.46,-15.03
2023-12,S0059,22355.5,11.71
2024-01,S0059,18264.25,-18.3
2024-02,S0059,8051.09,-55.92
2024-03,S0059,8634.35,7.24
2024-04,S0059,8314.93,-3.7
2024-05,S0059,9037.83,8.69
2024-06,S0059,1902.07,-78.95
2023-01,S0060,33.78,NULL
2023-02,S0060,1370.79,3957.99
2023-03,S0060,2670.75,94.83
2023-04,S0060,1140.86,-57.28
2023-05,S0060,114.02,-90.01
2023-06,S0060,1608.13,1310.39
2023-07,S0060,1105.56,-31.25
2023-08,S0060,71.46,-93.54
2023-12,S0060,2126.7,2876.07
2024-01,S0060,1645.39,-22.63
2024-02,S0060,1114.24,-32.28
2024-03,S0060,1016.8,-8.74
2023-02,S0061,137.66,NULL
2023-03,S0061,842.11,511.73
2023-04,S0061,861.5,2.3
2023-05,S0061,1025.17,19
2023-06,S0061,1068.44,4.22
2023-07,S0061,748.68,-29.93
2023-08,S0061,1872.17,150.06
2023-09,S0061,2752.42,47.02
2023-10,S0061,3421.11,24.29
2023-11,S0061,4794.74,40.15
2023-12,S0061,3309.66,-30.97
2024-01,S0061,1931.87,-41.63
2024-02,S0061,1453.51,-24.76
2024-03,S0061,1580.38,8.73
2024-04,S0061,1567.24,-0.83
2024-05,S0061,1126.02,-28.15
2024-06,S0061,415.95,-63.06
2023-03,S0062,193.53,NULL
2023-04,S0062,559.58,189.14
2023-05,S0062,369.61,-33.95
2023-06,S0062,853.86,131.02
2023-07,S0062,1805.82,111.49
2023-08,S0062,2150.19,19.07
2023-09,S0062,2475.83,15.14
2023-10,S0062,2422.83,-2.14
2023-11,S0062,3523.4,45.42
2023-12,S0062,2450.45,-30.45
2024-01,S0062,2238.09,-8.67
2024-02,S0062,1491.79,-33.35
2024-03,S0062,1600.37,7.28
2024-04,S0062,419.92,-73.76
2023-02,S0063,76.1,NULL
2023-03,S0063,689.88,806.54
2023-04,S0063,617.03,-10.56
2023-05,S0063,515.98,-16.38
2023-06,S0063,739.63,43.34
2023-07,S0063,525.64,-28.93
2023-08,S0063,1495.01,184.42
2023-09,S0063,2706.02,81
2023-10,S0063,3306.88,22.2
2023-11,S0063,3925.95,18.72
2023-12,S0063,2666.64,-32.08
2024-01,S0063,1904.96,-28.56
2024-02,S0063,1432.61,-24.8
2024-03,S0063,143.1,-90.01
2023-01,S0064,6557.36,NULL
2023-02,S0064,7400.68,12.86
2023-03,S0064,13177.95,78.06
2023-04,S0064,19455.63,47.64
2023-05,S0064,22311.72,14.68
2023-06,S0064,32144.31,44.07
2023-07,S0064,28256.12,-12.1
2023-08,S0064,39304.22,39.1
2023-09,S0064,36391.11,-7.41
2023-10,S0064,40093.15,10.17
2023-11,S0064,47044.99,17.34
2023-12,S0064,45897.94,-2.44
2024-01,S0064,37431.91,-18.45
2024-02,S0064,24319.84,-35.03
2024-03,S0064,28653.96,17.82
2024-04,S0064,29416.89,2.66
2024-05,S0064,23400.15,-20.45
2024-06,S0064,4382.77,-81.27
2023-01,S0065,845.5,NULL
2023-02,S0065,1067.65,26.27
2023-03,S0065,1601.54,50.01
2023-04,S0065,1792.69,11.94
2023-05,S0065,2490.61,38.93
2023-06,S0065,3128.57,25.61
2023-07,S0065,2539.48,-18.83
2023-08,S0065,3127.28,23.15
2023-09,S0065,3317.13,6.07
2023-10,S0065,4052.55,22.17
2023-11,S0065,5014.16,23.73
2023-12,S0065,4740.1,-5.47
2024-01,S0065,3375.63,-28.79
2024-02,S0065,1474.25,-56.33
2024-03,S0065,1523.58,3.35
2024-04,S0065,1109.18,-27.2
2024-05,S0065,1019.1,-8.12
2024-06,S0065,685.3,-32.75
2023-01,S0066,5961.04,NULL
2023-02,S0066,4790.14,-19.64
2023-03,S0066,14686.37,206.6
2023-04,S0066,21355.27,45.41
2023-05,S0066,26481.93,24.01
2023-06,S0066,33171.13,25.26
2023-07,S0066,25986.33,-21.66
2023-08,S0066,22528.34,-13.31
2023-09,S0066,22652.02,0.55
2023-10,S0066,25030.7,10.5
2023-11,S0066,29047.8,16.05
2023-12,S0066,33675.85,15.93
2024-01,S0066,27188.69,-19.26
2024-02,S0066,9277.84,-65.88
2024-03,S0066,8949.96,-3.53
2024-04,S0066,5832.23,-34.84
2024-05,S0066,6611.14,13.36
2024-06,S0066,6279.05,-5.02
2023-01,S0067,2686.39,NULL
2023-02,S0067,17838.76,564.04
2023-03,S0067,31713.93,77.78
2023-04,S0067,32638.45,2.92
2023-05,S0067,36744.48,12.58
2023-06,S0067,40486.92,10.19
2023-07,S0067,25529.05,-36.94
2023-08,S0067,44511.11,74.35
2023-09,S0067,60436.84,35.78
2023-10,S0067,69047.89,14.25
2023-11,S0067,83367.3,20.74
2023-12,S0067,99526.93,19.38
2024-01,S0067,66890.5,-32.79
2024-02,S0067,40175.59,-39.94
2024-03,S0067,41667.81,3.71
2024-04,S0067,34103.85,-18.15
2024-05,S0067,34639.67,1.57
2024-06,S0067,23161.73,-33.14
2023-07,S0068,477.03,NULL
2023-08,S0068,1697.56,255.86
2023-09,S0068,2091.56,23.21
2023-10,S0068,1452.99,-30.53
2023-11,S0068,1228.13,-15.48
2023-12,S0068,2592.16,111.07
2024-01,S0068,2464.71,-4.92
2024-02,S0068,1937.86,-21.38
2024-03,S0068,1628.96,-15.94
2024-04,S0068,1995.04,22.47
2024-05,S0068,556.32,-72.11
2023-01,S0069,468.51,NULL
2023-02,S0069,404.41,-13.68
2023-03,S0069,1321.65,226.81
2023-04,S0069,1932.74,46.24
2023-05,S0069,2630.28,36.09
2023-06,S0069,3390.71,28.91
2023-07,S0069,3511.4,3.56
2023-08,S0069,3200.85,-8.84
2023-09,S0069,3842.61,20.05
2023-10,S0069,4795.97,24.81
2023-11,S0069,5199.61,8.42
2023-12,S0069,4304.6,-17.21
2024-01,S0069,1841.59,-57.22
2024-02,S0069,1334.13,-27.56
2024-03,S0069,706.43,-47.05
2024-04,S0069,680.97,-3.6
2024-05,S0069,180.48,-73.5
2023-04,S0070,399.04,NULL
2023-05,S0070,2606.93,553.3
2023-06,S0070,2950.97,13.2
2023-07,S0070,2605.06,-11.72
2023-08,S0070,2562.96,-1.62
2023-09,S0070,3181.51,24.13
2023-10,S0070,4994.6,56.99
2023-11,S0070,5007.07,0.25
2023-12,S0070,5470.1,9.25
2024-01,S0070,4857.57,-11.2
2024-02,S0070,2436.1,-49.85
2024-03,S0070,2727.69,11.97
2024-04,S0070,2528.34,-7.31
2024-05,S0070,3104.91,22.8
2024-06,S0070,536.33,-82.73
2023-02,S0071,3995.43,NULL
2023-03,S0071,11772.54,194.65
2023-04,S0071,11664.5,-0.92
2023-05,S0071,13577.86,16.4
2023-06,S0071,12852.1,-5.35
2023-07,S0071,13054.03,1.57
2023-08,S0071,15564.99,19.24
2023-09,S0071,16540.01,6.26
2023-10,S0071,16296.66,-1.47
2023-11,S0071,13288.67,-18.46
2023-12,S0071,14217.3,6.99
2024-01,S0071,11650.13,-18.06
2024-02,S0071,6049.26,-48.08
2024-03,S0071,7043.68,16.44
2024-04,S0071,6410.87,-8.98
2024-05,S0071,6372.61,-0.6
2024-06,S0071,3501.96,-45.05
2023-01,S0072,164.7,NULL
2023-02,S0072,790.09,379.71
2023-03,S0072,3073.73,289.04
2023-04,S0072,3293.8,7.16
2023-05,S0072,2992.97,-9.13
2023-06,S0072,2602.59,-13.04
2023-07,S0072,2364.76,-9.14
2023-08,S0072,2683.73,13.49
2023-09,S0072,2696.29,0.47
2023-10,S0072,2753.64,2.13
2023-11,S0072,3850.44,39.83
2023-12,S0072,4121.74,7.05
2024-01,S0072,3298.04,-19.98
2024-02,S0072,1974.48,-40.13
2024-03,S0072,1579.57,-20
2024-04,S0072,1009.49,-36.09
2024-05,S0072,1025.71,1.61
2024-06,S0072,1239.8,20.87
2023-03,S0073,649.38,NULL
2023-04,S0073,1037.47,59.76
2023-05,S0073,1180.43,13.78
2023-06,S0073,1144.22,-3.07
2023-07,S0073,815.25,-28.75
2023-08,S0073,846.02,3.77
2023-09,S0073,1026.83,21.37
2023-10,S0073,1104.28,7.54
2023-11,S0073,1340.28,21.37
2023-12,S0073,1537.74,14.73
2024-01,S0073,1100.76,-28.42
2024-02,S0073,109.7,-90.03
2023-01,S0074,7593.53,NULL
2023-02,S0074,24554.54,223.36
2023-03,S0074,26246.24,6.89
2023-04,S0074,31807.14,21.19
2023-05,S0074,30713.08,-3.44
2023-06,S0074,17770.06,-42.14
2023-07,S0074,19326.07,8.76
2023-08,S0074,28264.57,46.25
2023-09,S0074,23177.76,-18
2023-10,S0074,22682.42,-2.14
2023-11,S0074,29260.21,29
2023-12,S0074,31516.89,7.71
2024-01,S0074,10086.78,-68
2024-02,S0074,6595.58,-34.61
2024-03,S0074,8413.97,27.57
2024-04,S0074,8042.23,-4.42
2024-05,S0074,9160.44,13.9
2024-06,S0074,3897.05,-57.46
2024-02,S0075,0,NULL
2023-04,S0076,110.9,NULL
2023-05,S0076,1669.06,1405.01
2023-06,S0076,1696.7,1.66
2023-07,S0076,1280.51,-24.53
2023-08,S0076,2078.71,62.33
2023-09,S0076,1736.31,-16.47
2023-10,S0076,2132.16,22.8
2023-11,S0076,2668.23,25.14
2023-12,S0076,2912.36,9.15
2024-01,S0076,2389.28,-17.96
2024-02,S0076,1377.4,-42.35
2024-03,S0076,329.2,-76.1
2024-04,S0076,167.12,-49.23
2024-05,S0076,280.57,67.89
2024-06,S0076,174.25,-37.89
2023-01,S0077,520.45,NULL
2023-02,S0077,211.73,-59.32
2023-03,S0077,309.14,46.01
2023-04,S0077,993.43,221.35
2023-05,S0077,1331.32,34.01
2023-06,S0077,1535.66,15.35
2023-07,S0077,1244.55,-18.96
2023-08,S0077,1575.54,26.6
2023-09,S0077,1472.24,-6.56
2023-10,S0077,1583.71,7.57
2023-11,S0077,2019.65,27.53
2023-12,S0077,2168.66,7.38
2024-01,S0077,1366.61,-36.98
2024-02,S0077,978.73,-28.38
2024-03,S0077,975.21,-0.36
2024-04,S0077,835.13,-14.36
2023-01,S0078,972.34,NULL
2023-02,S0078,1028.5,5.78
2023-03,S0078,2061.91,100.48
2023-04,S0078,2001.8,-2.92
2023-05,S0078,2044.29,2.12
2023-06,S0078,2008.06,-1.77
2023-07,S0078,1166.3,-41.92
2023-08,S0078,1354.77,16.16
2023-09,S0078,1647.08,21.58
2023-10,S0078,2159.46,31.11
2023-11,S0078,2294.36,6.25
2023-12,S0078,2346.5,2.27
2024-01,S0078,2693.05,14.77
2024-02,S0078,1981.3,-26.43
2024-03,S0078,1323.12,-33.22
2024-04,S0078,910.35,-31.2
2024-05,S0078,1256.86,38.06
2024-06,S0078,205.81,-83.63
2023-01,S0079,73660.31,NULL
2023-02,S0079,133237.31,80.88
2023-03,S0079,149622.86,12.3
2023-04,S0079,171643.63,14.72
2023-05,S0079,177862.34,3.62
2023-06,S0079,177687.31,-0.1
2023-07,S0079,152673.31,-14.08
2023-08,S0079,169544.74,11.05
2023-09,S0079,201416.96,18.8
2023-10,S0079,125350.88,-37.77
2023-11,S0079,38029.04,-69.66
2023-12,S0079,33640.62,-11.54
2024-01,S0079,29088.49,-13.53
2024-02,S0079,22625.74,-22.22
2024-03,S0079,355.94,-98.43
2023-07,S0081,939.16,NULL
2023-08,S0081,3163.32,236.82
2023-09,S0081,3158.39,-0.16
2023-10,S0081,4197.16,32.89
2023-11,S0081,4781.94,13.93
2023-12,S0081,22862.97,378.11
2024-01,S0081,13439.9,-41.22
2024-02,S0081,2165.81,-83.89
2023-02,S0082,179.97,NULL
2023-03,S0082,2326.62,1192.78
2023-04,S0082,3484.7,49.78
2023-05,S0082,4821.3,38.36
2023-06,S0082,4601.32,-4.56
2023-07,S0082,4751.62,3.27
2023-08,S0082,5191.41,9.26
2023-09,S0082,5242.39,0.98
2023-10,S0082,6629.22,26.45
2023-11,S0082,8856.75,33.6
2023-12,S0082,9636.9,8.81
2024-01,S0082,6765.53,-29.8
2024-02,S0082,3801.06,-43.82
2024-03,S0082,3812.1,0.29
2024-04,S0082,3311.08,-13.14
2024-05,S0082,3773.76,13.97
2024-06,S0082,1357.96,-64.02
2023-10,S0083,2648.98,NULL
2023-11,S0083,12601.35,375.71
2023-12,S0083,19396.19,53.92
2024-01,S0083,8880.83,-54.21
2024-04,S0083,1280.21,-85.58
2024-05,S0083,611.57,-52.23
2023-01,S0084,3393.1,NULL
2023-02,S0084,6689.23,97.14
2023-03,S0084,8299.51,24.07
2023-04,S0084,10019.19,20.72
2023-05,S0084,10627.05,6.07
2023-06,S0084,11099.5,4.45
2023-07,S0084,10381.18,-6.47
2023-08,S0084,12456.2,19.99
2023-09,S0084,11917.27,-4.33
2023-10,S0084,12070.4,1.28
2023-11,S0084,13231.49,9.62
2023-12,S0084,15631.34,18.14
2024-01,S0084,12061.7,-22.84
2024-02,S0084,8899.07,-26.22
2024-03,S0084,8945.61,0.52
2024-04,S0084,5255.48,-41.25
2024-05,S0084,3864.91,-26.46
2024-06,S0084,1828.54,-52.69
2023-01,S0085,211.22,NULL
2023-02,S0085,1093.86,417.88
2023-03,S0085,1117.3,2.14
2023-04,S0085,1852.12,65.77
2023-05,S0085,1896.97,2.42
2023-06,S0085,2433.35,28.28
2023-07,S0085,2574.8,5.81
2023-08,S0085,2680.24,4.1
2023-09,S0085,2944.45,9.86
2023-10,S0085,3135.65,6.49
2023-11,S0085,4137.21,31.94
2023-12,S0085,4715.16,13.97
2024-01,S0085,3362.23,-28.69
2024-02,S0085,1762.33,-47.58
2024-03,S0085,1781.17,1.07
2024-04,S0085,1732.56,-2.73
2024-05,S0085,882.42,-49.07
2023-03,S0086,41745.1,NULL
2023-04,S0086,52706.33,26.26
2023-05,S0086,54478.27,3.36
2023-06,S0086,54228.9,-0.46
2023-07,S0086,52664.91,-2.88
2023-08,S0086,52189.81,-0.9
2023-09,S0086,64402.35,23.4
2023-10,S0086,57180.92,-11.21
2023-11,S0086,72441.72,26.69
2023-12,S0086,89666.66,23.78
2024-01,S0086,72418.66,-19.24
2024-02,S0086,44210.16,-38.95
2024-03,S0086,46760.84,5.77
2024-04,S0086,50732.12,8.49
2024-05,S0086,48193.11,-5
2024-06,S0086,38778.83,-19.53
2023-03,S0087,4638.81,NULL
2023-04,S0087,9025.68,94.57
2023-05,S0087,7682.14,-14.89
2023-06,S0087,17298.75,125.18
2023-07,S0087,15207.25,-12.09
2023-08,S0087,23150.73,52.23
2023-09,S0087,28192.86,21.78
2023-10,S0087,35968.44,27.58
2023-11,S0087,41215.92,14.59
2023-12,S0087,41529.76,0.76
2024-01,S0087,26538.24,-36.1
2024-02,S0087,18513.21,-30.24
2024-03,S0087,19798.29,6.94
2024-04,S0087,13020.15,-34.24
2024-05,S0087,10738.86,-17.52
2024-06,S0087,8305.96,-22.66
2023-01,S0088,102704.52,NULL
2023-02,S0088,121901.16,18.69
2023-03,S0088,244138.65,100.28
2023-04,S0088,291079.24,19.23
2023-05,S0088,302166.35,3.81
2023-06,S0088,266727.2,-11.73
2023-07,S0088,244458.15,-8.35
2023-08,S0088,355854.56,45.57
2023-09,S0088,287976.02,-19.07
2023-10,S0088,307450.8,6.76
2023-11,S0088,463034.77,50.6
2023-12,S0088,493984.48,6.68
2024-01,S0088,307522.05,-37.75
2024-02,S0088,201394.87,-34.51
2024-03,S0088,187485.91,-6.91
2024-04,S0088,231654.99,23.56
2024-05,S0088,275344.05,18.86
2024-06,S0088,69653.33,-74.7
2023-05,S0089,484.01,NULL
2023-06,S0089,1290.97,166.72
2023-07,S0089,914.62,-29.15
2023-08,S0089,1243.32,35.94
2023-09,S0089,803.34,-35.39
2023-10,S0089,1450.79,80.59
2023-11,S0089,1939.89,33.71
2023-12,S0089,2071.06,6.76
2024-01,S0089,1161.77,-43.9
2024-02,S0089,814.02,-29.93
2024-03,S0089,894.69,9.91
2024-04,S0089,1125.7,25.82
2024-05,S0089,947.9,-15.79
2024-06,S0089,562.53,-40.66
2023-02,S0090,604.38,NULL
2023-03,S0090,580.24,-3.99
2023-04,S0090,746.75,28.7
2023-05,S0090,2375.88,218.16
2023-06,S0090,5632.88,137.09
2023-07,S0090,4601.31,-18.31
2023-08,S0090,3654.77,-20.57
2023-09,S0090,4343.4,18.84
2023-10,S0090,4498.73,3.58
2023-11,S0090,6044.35,34.36
2023-12,S0090,5803.85,-3.98
2024-01,S0090,2964.35,-48.92
2024-02,S0090,1899.98,-35.91
2024-03,S0090,2162.61,13.82
2024-04,S0090,1978.76,-8.5
2024-05,S0090,1684.67,-14.86
2024-06,S0090,464.33,-72.44
2023-01,S0091,1563.38,NULL
2023-02,S0091,1010.22,-35.38
2023-03,S0091,1318.73,30.54
2023-04,S0091,1327.16,0.64
2023-05,S0091,1313.55,-1.03
2023-06,S0091,2228.01,69.62
2023-07,S0091,1715.75,-22.99
2023-08,S0091,2185.37,27.37
2023-09,S0091,2570.95,17.64
2023-10,S0091,2138.55,-16.82
2023-11,S0091,3193.54,49.33
2023-12,S0091,3391.58,6.2
2024-01,S0091,3142.09,-7.36
2024-02,S0091,1815.68,-42.21
2024-03,S0091,1648.35,-9.22
2024-04,S0091,1806.89,9.62
2024-05,S0091,525.23,-70.93
2024-06,S0091,235.92,-55.08
2023-01,S0092,13742,NULL
2023-02,S0092,13100.43,-4.67
2023-03,S0092,17886.28,36.53
2023-04,S0092,21016.03,17.5
2023-05,S0092,22706.63,8.04
2023-06,S0092,24706.86,8.81
2023-07,S0092,24888.4,0.73
2023-08,S0092,25564.82,2.72
2023-09,S0092,27498.52,7.56
2023-10,S0092,32624.86,18.64
2023-11,S0092,42648.53,30.72
2023-12,S0092,43147.9,1.17
2024-01,S0092,32469.68,-24.75
2024-02,S0092,25024.53,-22.93
2024-03,S0092,24481.89,-2.17
2024-04,S0092,20771.28,-15.16
2024-05,S0092,21454.36,3.29
2024-06,S0092,12800.6,-40.34
2023-04,S0093,0,NULL
2023-05,S0093,0,NULL
2023-06,S0093,0,NULL
2023-07,S0093,0,NULL
2023-08,S0093,0,NULL
2023-09,S0093,0,NULL
2023-10,S0093,0,NULL
2023-11,S0093,0,NULL
2023-01,S0094,20746.19,NULL
2023-02,S0094,14380.73,-30.68
2023-03,S0094,17976.07,25
2023-04,S0094,18039.12,0.35
2023-05,S0094,19897.15,10.3
2023-06,S0094,21514.45,8.13
2023-07,S0094,17997.98,-16.34
2023-08,S0094,17955.37,-0.24
2023-09,S0094,16186.78,-9.85
2023-10,S0094,19044.52,17.65
2023-11,S0094,27625.59,45.06
2023-12,S0094,30630.37,10.88
2024-01,S0094,27709.11,-9.54
2024-02,S0094,13915.06,-49.78
2024-03,S0094,18269.4,31.29
2024-04,S0094,5157.13,-71.77
2024-05,S0094,3712.83,-28.01
2024-06,S0094,231.4,-93.77
2023-02,S0095,675.74,NULL
2023-03,S0095,1257.15,86.04
2023-11,S0095,78.75,-93.74
2023-12,S0095,583.38,640.8
2024-01,S0095,431.61,-26.02
2024-02,S0095,118.62,-72.52
2024-03,S0095,115.68,-2.48
2024-04,S0095,118.26,2.23
2024-05,S0095,86.02,-27.26
2023-02,S0096,39457.29,NULL
2023-03,S0096,165288.9,318.91
2023-04,S0096,93921.92,-43.18
2023-05,S0096,94333.47,0.44
2023-06,S0096,114140.83,21
2023-07,S0096,94283.56,-17.4
2023-08,S0096,131352.15,39.32
2023-09,S0096,156904.31,19.45
2023-10,S0096,157611.38,0.45
2023-11,S0096,33255.07,-78.9
2023-01,S0097,325.4,NULL
2023-02,S0097,472.1,45.08
2023-03,S0097,485.6,2.86
2023-04,S0097,373.5,-23.08
2023-05,S0097,1559.92,317.65
2023-06,S0097,2840.46,82.09
2023-07,S0097,2852.41,0.42
2023-08,S0097,3557.98,24.74
2023-09,S0097,3680.59,3.45
2023-10,S0097,2567.81,-30.23
2023-11,S0097,4005.91,56
2023-12,S0097,4090.26,2.11
2024-01,S0097,3002.77,-26.59
2024-02,S0097,1737.81,-42.13
2024-03,S0097,1437.38,-17.29
2024-04,S0097,1560.13,8.54
2024-05,S0097,1452.18,-6.92
2024-06,S0097,35.76,-97.54
2023-02,S0098,9234.62,NULL
2023-03,S0098,13469.65,45.86
2023-04,S0098,24333.98,80.66
2023-05,S0098,41501.91,70.55
2023-06,S0098,42138.28,1.53
2023-07,S0098,30378.75,-27.91
2023-08,S0098,33511.39,10.31
2023-09,S0098,30733.01,-8.29
2023-10,S0098,38630.12,25.7
2023-11,S0098,49940.68,29.28
2023-12,S0098,55648.43,11.43
2024-01,S0098,42331.05,-23.93
2024-02,S0098,26812.01,-36.66
2024-03,S0098,27932.02,4.18
2024-04,S0098,25085.08,-10.19
2024-05,S0098,23823.91,-5.03
2024-06,S0098,9531.4,-59.99
2023-02,S0099,63.86,NULL
2023-03,S0099,436.35,583.29
2023-04,S0099,425.41,-2.51
2023-05,S0099,434.64,2.17
2023-06,S0099,986.69,127.01
2023-07,S0099,955.66,-3.14
2023-08,S0099,1009.86,5.67
2023-09,S0099,924.53,-8.45
2023-10,S0099,1478.09,59.87
2023-11,S0099,2647.3,79.1
2023-12,S0099,2485.14,-6.13
2024-01,S0099,1281.19,-48.45
2024-02,S0099,518.98,-59.49
2024-03,S0099,838.23,61.51
2024-04,S0099,868.06,3.56
2024-05,S0099,885.97,2.06
2024-06,S0099,63.03,-92.89
2023-01,S0100,510.67,NULL
2023-02,S0100,1180.87,131.24
2023-03,S0100,1380.49,16.9
2023-04,S0100,1402.74,1.61
2023-05,S0100,1764.45,25.79
2023-06,S0100,1559.6,-11.61
2023-07,S0100,1468.91,-5.81
2023-08,S0100,1299.36,-11.54
2023-09,S0100,2193.8,68.84
2023-10,S0100,1679.3,-23.45
2023-11,S0100,2601.99,54.94
2023-12,S0100,2611.44,0.36
2024-01,S0100,1753.78,-32.84
2024-02,S0100,1309.65,-25.32
2024-03,S0100,1863.64,42.3
2024-04,S0100,1460.25,-21.65
2024-05,S0100,1386.17,-5.07
2024-06,S0100,91.75,-93.38
2023-01,S0101,3301.19,NULL
2023-02,S0101,9711.65,194.19
2023-03,S0101,9063.8,-6.67
2023-04,S0101,24602.72,171.44
2023-05,S0101,37248.07,51.4
2023-06,S0101,34783.48,-6.62
2023-07,S0101,30472.14,-12.39
2023-08,S0101,35973.56,18.05
2023-09,S0101,44668.76,24.17
2023-10,S0101,44719.42,0.11
2023-11,S0101,52574.1,17.56
2023-12,S0101,62026.57,17.98
2024-01,S0101,60871.72,-1.86
2024-02,S0101,41817.4,-31.3
2024-03,S0101,52477.88,25.49
2024-04,S0101,45429.53,-13.43
2024-05,S0101,34997.16,-22.96
2024-06,S0101,17632.96,-49.62
2023-01,S0102,630.51,NULL
2023-02,S0102,802.39,27.26
2023-03,S0102,1994.39,148.56
2023-04,S0102,2006.17,0.59
2023-05,S0102,2150.38,7.19
2023-06,S0102,2100.58,-2.32
2023-07,S0102,1793.73,-14.61
2023-08,S0102,2198.69,22.58
2023-09,S0102,1436.9,-34.65
2023-10,S0102,1318.31,-8.25
2023-11,S0102,2074.51,57.36
2023-12,S0102,2191.39,5.63
2024-01,S0102,1687.22,-23.01
2024-02,S0102,699.8,-58.52
2024-03,S0102,789.28,12.79
2024-04,S0102,1147.04,45.33
2024-05,S0102,790.3,-31.1
2024-02,S0103,0,NULL
2024-03,S0103,0,NULL
2024-04,S0103,0,NULL
2024-05,S0103,0,NULL
2024-06,S0103,30.17,NULL
2023-02,S0104,27897.16,NULL
2023-03,S0104,34511.09,23.71
2023-04,S0104,38645.71,11.98
2023-05,S0104,43376.59,12.24
2023-06,S0104,91357.8,110.62
2023-07,S0104,123167.31,34.82
2023-08,S0104,189364.25,53.75
2023-09,S0104,216120.81,14.13
2023-10,S0104,272077.09,25.89
2023-11,S0104,351273.1,29.11
2023-12,S0104,382080.99,8.77
2024-01,S0104,231847.08,-39.32
2024-02,S0104,120841.81,-47.88
2024-03,S0104,137603.29,13.87
2024-04,S0104,139302.15,1.23
2024-05,S0104,41195.42,-70.43
2023-01,S0105,2612.16,NULL
2023-02,S0105,6272.01,140.11
2023-03,S0105,7564.94,20.61
2023-04,S0105,8133.06,7.51
2023-05,S0105,11273.27,38.61
2023-06,S0105,14888.68,32.07
2023-07,S0105,21032.4,41.26
2023-08,S0105,21140.66,0.51
2023-09,S0105,21201.92,0.29
2023-10,S0105,25407.9,19.84
2023-11,S0105,28848.65,13.54
2023-12,S0105,39020.98,35.26
2024-01,S0105,27388.06,-29.81
2024-02,S0105,19584.35,-28.49
2024-03,S0105,21062.75,7.55
2024-04,S0105,20226,-3.97
2024-05,S0105,9572.99,-52.67
2024-06,S0105,8068.24,-15.72
2023-04,S0106,1696.72,NULL
2023-05,S0106,1149.45,-32.25
2023-06,S0106,1721.92,49.8
2023-07,S0106,1785.09,3.67
2023-08,S0106,1358.08,-23.92
2023-09,S0106,1511.05,11.26
2023-10,S0106,2079.96,37.65
2023-11,S0106,2171.41,4.4
2023-12,S0106,492.45,-77.32
2024-01,S0106,423.72,-13.96
2024-02,S0106,74.35,-82.45
2024-03,S0106,314.53,323.04
2024-04,S0106,74.46,-76.33
2023-01,S0107,780.01,NULL
2023-02,S0107,753.81,-3.36
2023-03,S0107,786.31,4.31
2023-04,S0107,937.13,19.18
2023-05,S0107,1050.54,12.1
2023-06,S0107,922.53,-12.19
2023-07,S0107,98.35,-89.34
2023-08,S0107,34.96,-64.45
2023-09,S0107,96.07,174.8
2023-10,S0107,266.16,177.05
2023-11,S0107,203.79,-23.43
2023-04,S0108,33.5,NULL
2023-05,S0108,556.31,1560.63
2023-06,S0108,953.33,71.37
2023-07,S0108,1945.23,104.05
2023-08,S0108,3150.22,61.95
2023-09,S0108,3487.31,10.7
2023-10,S0108,1992.18,-42.87
2023-11,S0108,2537.18,27.36
2023-12,S0108,1786.23,-29.6
2024-01,S0108,613,-65.68
2024-02,S0108,514.37,-16.09
2024-03,S0108,244.71,-52.43
2023-05,S0109,3212.26,NULL
2023-06,S0109,13891.47,332.45
2023-07,S0109,11803.8,-15.03
2023-08,S0109,16061.67,36.07
2023-09,S0109,19093.07,18.87
2023-10,S0109,19342.3,1.31
2023-11,S0109,5730.24,-70.37
2023-12,S0109,5404.76,-5.68
2024-01,S0109,707.75,-86.91
2023-02,S0110,882.18,NULL
2023-03,S0110,2043.12,131.6
2023-04,S0110,3608.92,76.64
2023-05,S0110,3903.37,8.16
2023-06,S0110,4394,12.57
2023-07,S0110,3824.44,-12.96
2023-08,S0110,3900.62,1.99
2023-09,S0110,4411.03,13.09
2023-10,S0110,4957.25,12.38
2023-11,S0110,4930.06,-0.55
2023-12,S0110,5340.6,8.33
2024-01,S0110,4075.31,-23.69
2024-02,S0110,2652.51,-34.91
2024-03,S0110,2906.12,9.56
2024-04,S0110,3395.24,16.83
2024-05,S0110,2830.4,-16.64
2024-06,S0110,1091.13,-61.45
2023-01,S0111,299.19,NULL
2023-02,S0111,336.89,12.6
2023-03,S0111,166.87,-50.47
2023-04,S0111,171.76,2.93
2023-05,S0111,119.97,-30.15
2023-06,S0111,259.75,116.51
2023-07,S0111,1591.47,512.69
2023-08,S0111,2397.1,50.62
2023-09,S0111,2167.07,-9.6
2023-10,S0111,2825.95,30.4
2023-11,S0111,3469.14,22.76
2023-12,S0111,3057.82,-11.86
2024-01,S0111,2922,-4.44
2024-02,S0111,1419.84,-51.41
2024-03,S0111,1965.37,38.42
2024-04,S0111,1637.96,-16.66
2024-05,S0111,285.52,-82.57
2023-01,S0112,621.79,NULL
2023-02,S0112,1297.34,108.65
2023-03,S0112,1483.95,14.38
2023-04,S0112,2080.93,40.23
2023-05,S0112,2464.39,18.43
2023-06,S0112,2770.28,12.41
2023-07,S0112,2903.51,4.81
2023-08,S0112,2874.16,-1.01
2023-09,S0112,2696.66,-6.18
2023-10,S0112,3488.84,29.38
2023-11,S0112,4512.84,29.35
2023-12,S0112,4957.1,9.84
2024-01,S0112,3973.64,-19.84
2024-02,S0112,1968.31,-50.47
2024-03,S0112,2395.5,21.7
2024-04,S0112,1533.13,-36
2024-05,S0112,1342.21,-12.45
2023-01,S0113,2419.28,NULL
2023-02,S0113,2446.66,1.13
2023-03,S0113,2809.8,14.84
2023-04,S0113,3020.08,7.48
2023-05,S0113,2972.84,-1.56
2023-06,S0113,2933.08,-1.34
2023-07,S0113,2534.07,-13.6
2023-08,S0113,2919.71,15.22
2023-09,S0113,2600.64,-10.93
2023-10,S0113,3401.32,30.79
2023-11,S0113,5119.41,50.51
2023-12,S0113,4551.1,-11.1
2024-01,S0113,3012.53,-33.81
2024-02,S0113,1144.23,-62.02
2024-03,S0113,1701.92,48.74
2024-04,S0113,1291.42,-24.12
2024-05,S0113,724.73,-43.88
2024-06,S0113,320.95,-55.71
2023-01,S0114,10277.32,NULL
2023-02,S0114,13962.44,35.86
2023-03,S0114,15125.61,8.33
2023-04,S0114,20519.02,35.66
2023-05,S0114,35413.94,72.59
2023-06,S0114,34163.26,-3.53
2023-07,S0114,34700.02,1.57
2023-08,S0114,32097,-7.5
2023-09,S0114,37294.22,16.19
2023-10,S0114,36666.37,-1.68
2023-11,S0114,41470.13,13.1
2023-12,S0114,30958.83,-25.35
2024-01,S0114,4330.39,-86.01
2023-04,S0115,149.8,NULL
2023-05,S0115,1702.16,1036.29
2023-06,S0115,1270.08,-25.38
2023-07,S0115,2185.43,72.07
2023-08,S0115,2793.57,27.83
2023-09,S0115,2599.69,-6.94
2023-10,S0115,3843.04,47.83
2023-11,S0115,9168.55,138.58
2023-12,S0115,6086.85,-33.61
2024-01,S0115,3212.79,-47.22
2023-01,S0117,2205.27,NULL
2023-02,S0117,2576.23,16.82
2023-03,S0117,5406.79,109.87
2023-04,S0117,6338.86,17.24
2023-05,S0117,6719.15,6
2023-06,S0117,5679.78,-15.47
2023-07,S0117,5215.61,-8.17
2023-08,S0117,5715.52,9.58
2023-09,S0117,6042.81,5.73
2023-10,S0117,5776.06,-4.41
2023-11,S0117,8013.83,38.74
2023-12,S0117,8486.62,5.9
2024-01,S0117,8731.97,2.89
2024-02,S0117,4723.54,-45.91
2024-03,S0117,4936.09,4.5
2024-04,S0117,5077.13,2.86
2024-05,S0117,2681.66,-47.18
2024-06,S0117,1036.8,-61.34
2023-05,S0118,736.11,NULL
2023-06,S0118,1240.62,68.54
2023-07,S0118,996.85,-19.65
2023-08,S0118,1165.33,16.9
2023-09,S0118,2608.13,123.81
2023-10,S0118,3193.02,22.43
2023-11,S0118,2257.97,-29.28
2023-12,S0118,1518.59,-32.75
2024-01,S0118,1049.11,-30.92
2023-02,S0119,1315.92,NULL
2023-03,S0119,1389.1,5.56
2023-04,S0119,1574.72,13.36
2023-05,S0119,1944.6,23.49
2023-06,S0119,2255.38,15.98
2023-07,S0119,1684.11,-25.33
2023-08,S0119,1807.96,7.35
2023-09,S0119,1165.3,-35.55
2023-10,S0119,1699.74,45.86
2023-11,S0119,2084.9,22.66
2023-12,S0119,2245.58,7.71
2024-01,S0119,1586.67,-29.34
2024-02,S0119,1070.16,-32.55
2024-03,S0119,2302.53,115.16
2024-04,S0119,2651.98,15.18
2024-05,S0119,2943.69,11
2024-06,S0119,2240.79,-23.88
2023-01,S0120,713.45,NULL
2023-02,S0120,677.14,-5.09
2023-03,S0120,1068.69,57.82
2023-04,S0120,1017.35,-4.8
2023-05,S0120,1224.05,20.32
2023-06,S0120,1051.6,-14.09
2023-07,S0120,1009.46,-4.01
2023-08,S0120,1070.71,6.07
2023-09,S0120,1245.39,16.31
2023-10,S0120,1340.71,7.65
2023-11,S0120,2159.43,61.07
2023-12,S0120,2199.45,1.85
2024-01,S0120,1752.02,-20.34
2024-02,S0120,882.7,-49.62
2024-03,S0120,1284.58,45.53
2024-04,S0120,885.09,-31.1
2024-05,S0120,1457.84,64.71
2024-06,S0120,888.85,-39.03
